fold,n_predictions,n_mape_samples,mape,mae,rmse
fold_1,1200,1200,1.1260209966115808,2.249610885530889,2.847434770997901
fold_2,1200,1200,1.157120828309763,2.315901487932259,2.8994434126304123
fold_3,1200,1200,1.10482589169501,2.211066180255948,2.7715376187326615
fold_4,1200,1200,1.0755467869082322,2.15040958748727,2.708484179545042
